agent_id,trial_index,stimulus_description,response_description,response_time,accuracy
8,1,easy,left,0.446,1
17,1,hard,right,0.585,1
7,1,easy,left,0.47,1
1,1,easy,left,0.3,1
13,1,easy,left,0.646,1
19,1,hard,right,0.653,0
19,2,easy,left,0.594,1
17,2,easy,right,0.339,1
13,2,easy,left,0.685,0
16,1,hard,right,0.33,1
8,2,easy,right,0.563,1
19,3,easy,left,0.804,1
18,1,easy,right,0.326,1
1,2,easy,right,0.39,1
14,1,hard,right,0.555,1
19,4,easy,left,0.399,1
15,1,hard,right,0.307,1
18,2,hard,left,0.55,1
2,1,hard,left,0.381,1
17,3,easy,left,0.546,1
18,3,hard,left,0.402,1
6,1,easy,left,0.707,1
19,5,hard,right,0.423,0
4,1,hard,left,0.492,1
1,3,hard,left,0.662,1
8,3,hard,right,0.355,0
7,2,hard,left,0.574,1
3,1,hard,right,0.736,1
10,1,hard,right,0.299,0
10,2,hard,right,0.568,0
19,6,easy,right,0.514,1
14,2,easy,right,0.592,0
2,2,hard,left,0.354,1
1,4,hard,right,0.342,1
18,4,hard,right,0.618,1
7,3,easy,left,0.52,0
8,4,hard,right,0.578,1
1,5,easy,left,0.527,1
3,2,easy,right,0.373,1
8,5,easy,right,0.51,1
15,2,easy,right,0.519,1
5,1,easy,left,0.368,1
3,3,hard,right,0.82,1
19,7,hard,right,0.611,1
1,6,hard,right,0.361,1
15,3,hard,left,0.638,1
8,6,hard,left,0.394,1
2,3,easy,left,0.593,1
3,4,hard,right,0.714,0
14,3,hard,right,0.417,1
14,4,easy,left,0.62,1
11,1,hard,left,0.602,1
16,2,easy,right,0.598,1
4,2,hard,right,0.825,1
20,1,easy,left,0.438,1
5,2,hard,right,0.427,1
14,5,hard,left,0.407,1
16,3,easy,right,0.353,1
18,5,easy,left,0.463,1
7,4,easy,left,0.526,1
10,3,easy,right,0.517,1
7,5,easy,left,0.599,1
1,7,easy,right,0.477,1
19,8,easy,left,0.693,1
16,4,easy,right,0.435,1
19,9,hard,right,0.948,0
4,3,hard,left,0.634,1
18,6,easy,left,0.346,1
2,4,hard,right,0.379,0
1,8,hard,left,0.612,0
15,4,hard,right,0.506,1
5,3,hard,left,0.647,1
20,2,easy,left,0.546,1
11,2,hard,right,0.529,1
10,4,easy,right,0.348,1
2,5,hard,left,0.313,1
3,5,hard,right,0.473,1
12,1,hard,left,0.668,1
20,3,easy,left,0.507,1
5,4,hard,right,0.353,1
5,5,easy,left,0.501,1
6,2,hard,left,0.598,1
9,1,easy,left,0.342,1
2,6,hard,right,0.563,1
12,2,easy,right,0.484,1
3,6,easy,left,0.304,0
20,4,hard,left,0.594,1
12,3,easy,left,0.559,1
17,4,hard,right,0.702,1
10,5,hard,left,0.698,1
14,6,hard,left,0.333,1
17,5,hard,left,0.399,1
18,7,hard,left,0.617,1
19,10,hard,right,0.617,1
17,6,hard,left,0.617,1
14,7,hard,right,1.118,1
9,2,hard,right,0.626,1
8,7,hard,right,0.71,1
2,7,hard,right,0.683,1
13,3,easy,right,0.573,0
7,6,easy,left,0.428,1
9,3,hard,left,0.654,1
11,3,hard,right,0.424,0
14,8,hard,left,0.504,1
4,4,hard,left,0.467,1
13,4,hard,left,0.552,1
2,8,hard,left,0.887,1
5,6,hard,right,0.26,1
11,4,hard,left,0.643,1
6,3,easy,right,0.233,1
18,8,hard,left,0.469,1
10,6,easy,left,0.638,1
4,5,hard,right,0.55,1
9,4,hard,left,0.378,1
6,4,easy,right,0.368,1
2,9,hard,right,0.642,0
17,7,easy,right,0.365,1
5,7,hard,right,0.572,1
6,5,hard,left,0.547,1
12,4,easy,right,0.377,1
10,7,hard,left,0.862,1
6,6,easy,left,0.57,1
8,8,hard,right,0.236,1
2,10,easy,right,0.503,1
12,5,easy,right,0.376,1
13,5,hard,right,0.668,0
7,7,hard,right,0.421,1
10,8,easy,right,0.458,1
13,6,hard,left,0.616,1
17,8,hard,right,0.67,0
14,9,hard,left,0.36,1
2,11,easy,left,0.425,1
11,5,easy,left,0.404,0
1,9,easy,left,0.377,0
19,11,easy,left,0.74,0
4,6,easy,right,0.536,1
19,12,easy,right,0.286,1
11,6,easy,left,0.613,1
8,9,easy,right,0.793,0
11,7,easy,right,0.63,1
4,7,hard,left,0.312,1
17,9,easy,right,0.402,1
7,8,hard,right,0.73,0
8,10,hard,left,0.434,1
3,7,hard,left,0.607,1
2,12,easy,left,0.591,1
15,5,easy,right,0.336,1
5,8,easy,left,0.466,1
1,10,easy,left,0.2,1
4,8,hard,left,0.386,1
15,6,easy,left,0.437,1
20,5,easy,right,0.288,1
19,13,easy,right,0.72,1
3,8,easy,right,0.26,1
20,6,easy,right,0.409,1
11,8,hard,left,0.56,1
17,10,easy,left,0.691,1
13,7,hard,left,0.325,1
11,9,easy,right,0.649,1
2,13,hard,left,0.542,0
9,5,easy,left,0.328,1
2,14,easy,right,0.544,1
9,6,hard,right,0.57,1
9,7,hard,left,0.45,1
8,11,hard,right,0.55,1
17,11,easy,right,0.417,1
1,11,hard,right,0.557,1
11,10,easy,right,0.574,1
8,12,easy,right,0.713,1
10,9,hard,right,0.354,0
7,9,hard,left,0.86,0
3,9,easy,left,0.2,0
3,10,easy,right,0.452,1
18,9,hard,right,0.628,1
5,9,hard,right,0.582,0
12,6,hard,left,0.447,1
12,7,easy,right,0.444,1
19,14,easy,right,0.401,1
6,7,easy,left,0.387,1
2,15,easy,right,0.602,0
12,8,easy,left,0.529,1
19,15,easy,left,0.371,1
5,10,hard,right,0.675,1
12,9,easy,right,0.521,1
17,12,easy,left,0.597,1
17,13,easy,right,0.569,0
10,10,hard,right,0.416,1
17,14,easy,right,0.391,1
15,7,easy,left,0.587,1
12,10,hard,right,0.632,0
16,5,easy,left,0.472,1
19,16,easy,right,0.493,0
8,13,easy,right,0.667,1
17,15,easy,left,0.386,1
5,11,easy,left,0.557,1
16,6,hard,right,0.51,1
6,8,hard,left,0.507,1
8,14,hard,right,0.705,1
18,10,easy,left,0.599,1
12,11,easy,right,0.597,0
15,8,easy,right,0.671,1
9,8,hard,left,0.543,1
13,8,easy,left,0.577,0
15,9,easy,left,0.428,1
10,11,hard,right,0.589,1
16,7,easy,left,0.455,0
7,10,hard,left,0.555,1
17,16,hard,left,0.629,1
7,11,hard,right,0.417,1
14,10,easy,left,0.789,1
15,10,easy,left,0.324,1
7,12,easy,left,0.293,1
9,9,easy,left,0.649,0
19,17,easy,right,0.594,1
16,8,easy,right,0.569,1
8,15,easy,left,0.569,1
18,11,hard,left,0.538,1
18,12,easy,left,0.34,1
20,7,hard,left,0.551,1
7,13,easy,right,0.373,1
3,11,easy,left,0.621,1
18,13,easy,right,0.453,0
10,12,hard,left,0.416,1
7,14,hard,left,0.492,0
17,17,hard,left,0.602,1
14,11,hard,right,0.455,0
3,12,easy,right,0.352,1
12,12,hard,right,0.577,1
13,9,easy,right,0.512,1
2,16,easy,left,0.399,1
3,13,hard,right,0.469,1
5,12,hard,right,0.575,1
11,11,hard,left,0.323,1
8,16,hard,right,0.329,1
12,13,hard,left,0.432,1
7,15,hard,left,0.508,1
15,11,hard,right,0.587,1
17,18,hard,right,0.761,1
4,9,easy,left,0.604,1
13,10,hard,right,0.516,0
18,14,hard,right,0.537,1
1,12,easy,right,0.325,1
16,9,hard,left,0.537,1
13,11,easy,right,0.432,0
10,13,easy,left,0.523,1
12,14,hard,left,0.416,1
2,17,easy,right,0.553,1
3,14,easy,left,0.705,1
10,14,easy,right,0.459,1
2,18,easy,left,0.535,0
13,12,hard,right,0.644,0
13,13,easy,right,0.415,1
18,15,hard,left,0.574,1
3,15,easy,left,0.477,0
7,16,easy,right,0.49,1
14,12,easy,right,0.359,1
20,8,easy,right,0.479,1
17,19,hard,right,0.615,1
12,15,hard,left,0.758,1
16,10,easy,left,0.619,1
12,16,easy,left,0.798,0
15,12,hard,right,0.425,0
10,15,easy,left,0.606,1
7,17,easy,left,0.503,1
20,9,easy,left,0.803,0
5,13,hard,right,0.419,0
1,13,hard,left,0.414,1
17,20,hard,left,0.45,0
3,16,easy,left,0.2,0
13,14,easy,right,0.396,1
14,13,hard,right,0.426,1
18,16,hard,right,0.563,1
4,10,hard,right,0.591,1
18,17,hard,right,0.821,1
5,14,easy,left,0.618,1
16,11,hard,right,0.453,1
1,14,easy,right,0.34,1
14,14,hard,right,0.614,1
15,13,easy,right,0.277,1
9,10,hard,right,0.815,0
15,14,hard,right,0.717,1
17,21,hard,left,0.47,1
4,11,hard,left,0.283,1
12,17,easy,left,0.678,1
5,15,hard,left,0.523,1
5,16,easy,right,0.661,1
11,12,easy,right,0.236,1
6,9,easy,right,0.385,1
7,18,easy,right,0.476,1
14,15,hard,right,0.547,1
11,13,easy,right,0.407,0
13,15,easy,left,0.568,1
2,19,easy,left,0.315,1
7,19,hard,right,0.519,1
20,10,hard,right,0.558,1
4,12,hard,right,0.617,1
8,17,hard,left,0.647,1
20,11,easy,right,0.306,0
19,18,easy,right,0.245,1
13,16,hard,right,0.732,1
